timestamp,project_name,run_id,duration,emissions,emissions_rate,cpu_power,gpu_power,ram_power,cpu_energy,gpu_energy,ram_energy,energy_consumed,country_name,country_iso_code,region,cloud_provider,cloud_region,os,python_version,cpu_count,cpu_model,gpu_count,gpu_model,longitude,latitude,ram_total_size,tracking_mode,on_cloud
2022-12-03T19:23:50,codecarbon,7aea6312-e3be-46e9-a1f2-ee490c071f37,1.4366536140441897,3.841998157348148e-07,0.0002674268953761,7.5,8.33,2.969617366790772,2.9888803760210672e-06,2.951716279321247e-06,1.0448545398361377e-06,6.985451195178452e-06,France,FRA,,,,Windows-10-10.0.19041-SP0,3.8.6,8,Intel(R) Core(TM) i7-8650U CPU @ 1.90GHz,1,1 x GeForce GTX 1050,2.3387,48.8582,7.918979644775391,machine,N
2022-12-03T19:24:51,codecarbon,26ec6d16-d084-4be1-ab3e-a089ae6716ab,2.7574474811553955,7.530044611850447e-07,0.0002730802549572,7.5,8.293000000000001,2.969617366790772,5.732181668281555e-06,5.868388100067775e-06,2.090420435015119e-06,1.369099020336445e-05,France,FRA,,,,Windows-10-10.0.19041-SP0,3.8.6,8,Intel(R) Core(TM) i7-8650U CPU @ 1.90GHz,1,1 x GeForce GTX 1050,2.3387,48.8582,7.918979644775391,machine,N
2022-12-03T19:24:51,codecarbon,b0c2fd59-e513-4a6b-a92b-c5ca7ceb1595,2.991453170776367,8.528639616627681e-07,0.0002851002215225,7.5,8.325,2.969617366790772,6.230096022288005e-06,6.846020072698592e-06,2.430501389791005e-06,1.55066174847776e-05,France,FRA,,,,Windows-10-10.0.19041-SP0,3.8.6,8,Intel(R) Core(TM) i7-8650U CPU @ 1.90GHz,1,1 x GeForce GTX 1050,2.3387,48.8582,7.918979644775391,machine,N
2022-12-03T19:27:53,codecarbon,edbe7ffd-80c1-4ce1-8811-46715d2ed612,1.986767292022705,5.418993213849433e-07,0.0002727542996911,7.5,8.313,2.969617366790772,4.134930670261382e-06,4.218315445780754e-06,1.499468818229559e-06,9.852714934271696e-06,France,FRA,,,,Windows-10-10.0.19041-SP0,3.8.6,8,Intel(R) Core(TM) i7-8650U CPU @ 1.90GHz,1,1 x GeForce GTX 1050,2.3387,48.8582,7.918979644775391,machine,N
2022-12-03T19:30:28,codecarbon,a2140fd8-1f22-462b-af2d-f4738d8a3111,1.4347748756408691,3.822874216957258e-07,0.0002664441845101,7.5,8.331,2.969617366790772,2.9870529969533283e-06,2.926885887980461e-06,1.0367415095339538e-06,6.950680394467743e-06,France,FRA,,,,Windows-10-10.0.19041-SP0,3.8.6,8,Intel(R) Core(TM) i7-8650U CPU @ 1.90GHz,1,1 x GeForce GTX 1050,2.3387,48.8582,7.918979644775391,machine,N
2022-12-03T19:30:59,codecarbon,911e3183-7957-4b5a-b1e9-26f5771134b6,2.0030336380004883,5.465108127682865e-07,0.0002728415551292,7.5,8.342,2.969617366790772,4.170956214269002e-06,4.256844706137975e-06,1.5087593117436883e-06,9.936560232150665e-06,France,FRA,,,,Windows-10-10.0.19041-SP0,3.8.6,8,Intel(R) Core(TM) i7-8650U CPU @ 1.90GHz,1,1 x GeForce GTX 1050,2.3387,48.8582,7.918979644775391,machine,N
2022-12-03T19:35:20,codecarbon,10deb7e9-a7f2-48d3-ad82-edadb9e20f03,6.166027545928955,1.628708851652435e-06,0.0002641423249443,7.5,8.0,2.969617366790772,1.2841724356015522e-05,1.223640865749783e-05,4.534755198349104e-06,2.961288821186245e-05,France,FRA,,,,Windows-10-10.0.19041-SP0,3.8.6,8,Intel(R) Core(TM) i7-8650U CPU @ 1.90GHz,1,1 x GeForce GTX 1050,2.3387,48.8582,7.918979644775391,machine,N
2022-12-03T22:23:55,codecarbon,5120fd73-876f-41ee-86f2-4939df7d58ab,15.871654272079468,4.312605876350172e-06,0.0002717174783687,7.5,8.0,2.969617366790772,3.3055632809797924e-05,3.3083731333414714e-05,1.227165179042686e-05,7.841101593363949e-05,France,FRA,,,,Windows-10-10.0.19041-SP0,3.8.6,8,Intel(R) Core(TM) i7-8650U CPU @ 1.90GHz,1,1 x GeForce GTX 1050,2.3387,48.8582,7.918979644775391,machine,N
2022-12-03T22:44:56,codecarbon,7c5979bc-bb69-4b6f-a74d-9f7c6f60346f,74.02119040489197,1.893312931419837e-05,0.000255779854534,7.5,8.361,2.969617366790772,0.000152438592414,0.0001404174002101,5.138272217937698e-05,0.0003442387148036,France,FRA,,,,Windows-10-10.0.19041-SP0,3.8.6,8,Intel(R) Core(TM) i7-8650U CPU @ 1.90GHz,1,1 x GeForce GTX 1050,2.3387,48.8582,7.918979644775391,machine,N
2022-12-03T22:50:34,codecarbon,12ff2ad7-0aed-4992-953e-1fd5a015c04f,59.7786238193512,1.1614961215135352e-05,0.0001942995752166,7.5,8.0,2.969617366790772,0.0001244982103506,4.133474826812744e-05,4.53481543836611e-05,0.0002111811130024,France,FRA,,,,Windows-10-10.0.19041-SP0,3.8.6,8,Intel(R) Core(TM) i7-8650U CPU @ 1.90GHz,1,1 x GeForce GTX 1050,2.3387,48.8582,7.918979644775391,machine,N
2022-12-03T22:58:47,codecarbon,640057a0-1d41-4fc6-83f7-febdb977f0d1,109.56280493736269,3.303470902758072e-05,0.0003015139037967,7.5,8.0,2.969617366790772,0.0002282106831669,0.0002716376680798,0.0001007827219819,0.0006006310732287,France,FRA,,,,Windows-10-10.0.19041-SP0,3.8.6,8,Intel(R) Core(TM) i7-8650U CPU @ 1.90GHz,1,1 x GeForce GTX 1050,2.3387,48.8582,7.918979644775391,machine,N
2022-12-03T23:21:22,codecarbon,35d66d07-92c8-4b02-9216-da6a1b0a601a,99.51026654243468,2.759793599409972e-05,0.0002773375748353,7.5,8.0,2.969617366790772,0.0002072820072372,0.0002148965671327,7.960208006816346e-05,0.0005017806544381,France,FRA,,,,Windows-10-10.0.19041-SP0,3.8.6,8,Intel(R) Core(TM) i7-8650U CPU @ 1.90GHz,1,1 x GeForce GTX 1050,2.3387,48.8582,7.918979644775391,machine,N
2022-12-04T00:31:50,codecarbon,829039ad-e1b0-4556-9995-8733155312df,88.20120811462402,2.4531844237462093e-05,0.000278135013815,7.5,8.0,2.969617366790772,0.0001837311362226,0.0001913281928168,7.097420255069921e-05,0.0004460335315902,France,FRA,,,,Windows-10-10.0.19041-SP0,3.8.6,8,Intel(R) Core(TM) i7-8650U CPU @ 1.90GHz,1,1 x GeForce GTX 1050,2.3387,48.8582,7.918979644775391,machine,N
2022-12-04T00:36:20,codecarbon,12305a84-3381-4d2c-9854-96a3354598d3,66.72494673728943,1.856602231792874e-05,0.0002782470908673,7.5,8.332,2.969617366790772,0.0001389811098575,0.0001449776388478,5.360529343877176e-05,0.0003375640421441,France,FRA,,,,Windows-10-10.0.19041-SP0,3.8.6,8,Intel(R) Core(TM) i7-8650U CPU @ 1.90GHz,1,1 x GeForce GTX 1050,2.3387,48.8582,7.918979644775391,machine,N
2022-12-04T00:41:42,codecarbon,ff80d4e8-e1c4-457d-8744-f469d90febe4,70.98404145240784,1.966720559292492e-05,0.0002770651711358,7.5,8.0,2.969617366790772,0.0001478541950384,0.0001530396768781,5.669168431833356e-05,0.0003575855562349,France,FRA,,,,Windows-10-10.0.19041-SP0,3.8.6,8,Intel(R) Core(TM) i7-8650U CPU @ 1.90GHz,1,1 x GeForce GTX 1050,2.3387,48.8582,7.918979644775391,machine,N
2022-12-04T00:46:40,codecarbon,5fe3a50e-41c5-468a-8db3-ad6f5c3cbeee,53.869828939437866,1.4920104385718488e-05,0.0002769658764369,7.5,8.342,2.969617366790772,0.0001122079844276,0.0001161127751253,4.295386564189954e-05,0.0002712746251948,France,FRA,,,,Windows-10-10.0.19041-SP0,3.8.6,8,Intel(R) Core(TM) i7-8650U CPU @ 1.90GHz,1,1 x GeForce GTX 1050,2.3387,48.8582,7.918979644775391,machine,N
2022-12-04T01:06:06,codecarbon,ba88de07-0fec-4619-834a-5669fe6c987d,66.59318947792053,1.852958918197813e-05,0.0002782505137123,7.5,8.334,2.969617366790772,0.0001387150088946,0.0001446796722442,5.350694035165163e-05,0.0003369016214905,France,FRA,,,,Windows-10-10.0.19041-SP0,3.8.6,8,Intel(R) Core(TM) i7-8650U CPU @ 1.90GHz,1,1 x GeForce GTX 1050,2.3387,48.8582,7.918979644775391,machine,N
2022-12-04T01:12:22,codecarbon,f8cf9f41-d874-43c8-a7d6-b877491067d4,87.18187952041626,2.4078994267562527e-05,0.0002761926492066,7.5,8.0,2.969617366790772,0.0001815707618991,0.0001881904183059,6.803871556878392e-05,0.0004377998957738,France,FRA,,,,Windows-10-10.0.19041-SP0,3.8.6,8,Intel(R) Core(TM) i7-8650U CPU @ 1.90GHz,1,1 x GeForce GTX 1050,2.3387,48.8582,7.918979644775391,machine,N
2022-12-04T01:21:41,codecarbon,bd490dd9-d2d3-4b7e-a53f-291c538d2807,83.99387502670288,2.3303237351363675e-05,0.0002774397221696,7.5,8.34,2.969617366790772,0.0001749354670445,0.0001814959814932,6.7263776032475e-05,0.0004236952245702,France,FRA,,,,Windows-10-10.0.19041-SP0,3.8.6,8,Intel(R) Core(TM) i7-8650U CPU @ 1.90GHz,1,1 x GeForce GTX 1050,2.3387,48.8582,7.918979644775391,machine,N
2022-12-04T01:32:24,codecarbon,0dd6858a-effc-4cd6-af0b-32748d6bedd6,72.39872860908508,2.015418290435041e-05,0.0002783775805397,7.5,8.325,2.969617366790772,0.0001508117293318,0.0001573697001487,5.82582596894946e-05,0.00036643968917,France,FRA,,,,Windows-10-10.0.19041-SP0,3.8.6,8,Intel(R) Core(TM) i7-8650U CPU @ 1.90GHz,1,1 x GeForce GTX 1050,2.3387,48.8582,7.918979644775391,machine,N
2022-12-04T01:37:18,codecarbon,ed4acb77-2786-42f0-ac8a-9a5149de649a,83.15066623687744,1.6124438903681587e-05,0.0001939183368386,7.5,8.0,2.969617366790772,0.0001730901449918,5.488421493106418e-05,6.519725650763548e-05,0.0002931716164305,France,FRA,,,,Windows-10-10.0.19041-SP0,3.8.6,8,Intel(R) Core(TM) i7-8650U CPU @ 1.90GHz,1,1 x GeForce GTX 1050,2.3387,48.8582,7.918979644775391,machine,N
2022-12-04T01:40:01,codecarbon,a16d4d12-6391-41b3-9ef6-ff16ff611a93,59.040486097335815,1.62484181644982e-05,0.0002752080688785,7.5,8.0,2.969617366790772,0.0001229378690322,0.0001259175237019,4.657039207484843e-05,0.000295425784809,France,FRA,,,,Windows-10-10.0.19041-SP0,3.8.6,8,Intel(R) Core(TM) i7-8650U CPU @ 1.90GHz,1,1 x GeForce GTX 1050,2.3387,48.8582,7.918979644775391,machine,N
2022-12-04T01:42:56,codecarbon,79722d4a-f259-4b5e-8dcd-e9abfa831909,75.9952700138092,2.093950808909541e-05,0.0002755369917797,7.5,8.0,2.969617366790772,0.000158279685676,0.0001622957107755,6.014293244095882e-05,0.0003807183288926,France,FRA,,,,Windows-10-10.0.19041-SP0,3.8.6,8,Intel(R) Core(TM) i7-8650U CPU @ 1.90GHz,1,1 x GeForce GTX 1050,2.3387,48.8582,7.918979644775391,machine,N
2022-12-04T01:47:11,codecarbon,f555efd1-94b8-437d-8a83-76af07e7d758,101.24292421340942,1.818775808824357e-05,0.0001796447329978,7.5,8.0,2.969617366790772,0.0002075536613663,5.0909181700812447e-05,7.222366762822163e-05,0.0003306865106953,France,FRA,,,,Windows-10-10.0.19041-SP0,3.8.6,8,Intel(R) Core(TM) i7-8650U CPU @ 1.90GHz,1,1 x GeForce GTX 1050,2.3387,48.8582,7.918979644775391,machine,N
2022-12-04T02:11:10,codecarbon,7f0a4040-e81b-4c38-bd3e-f65040df3443,89.84115552902222,2.4960977726330296e-05,0.0002778345578855,7.5,8.0,2.969617366790772,0.0001871357391277,0.0001945359712176,7.216424831507057e-05,0.0004538359586605,France,FRA,,,,Windows-10-10.0.19041-SP0,3.8.6,8,Intel(R) Core(TM) i7-8650U CPU @ 1.90GHz,1,1 x GeForce GTX 1050,2.3387,48.8582,7.918979644775391,machine,N
2022-12-04T02:18:27,codecarbon,9b7d5e84-b0b5-4ac5-bf8a-7439c6ac7cee,114.11153841018675,3.165390638234245e-05,0.0002773944407668,7.5,8.0,2.969617366790772,0.0002376485799749,0.0002464738919999,9.140309861308878e-05,0.000575525570588,France,FRA,,,,Windows-10-10.0.19041-SP0,3.8.6,8,Intel(R) Core(TM) i7-8650U CPU @ 1.90GHz,1,1 x GeForce GTX 1050,2.3387,48.8582,7.918979644775391,machine,N
2022-12-04T02:23:28,codecarbon,47d737ca-e411-450b-aeb2-ff8095f3d349,91.2211847305298,2.346067709792608e-05,0.0002571845253624,7.5,8.358,2.969617366790772,0.0001899919231732,0.0001642800908172,7.228575142635606e-05,0.0004265577654168,France,FRA,,,,Windows-10-10.0.19041-SP0,3.8.6,8,Intel(R) Core(TM) i7-8650U CPU @ 1.90GHz,1,1 x GeForce GTX 1050,2.3387,48.8582,7.918979644775391,machine,N
2022-12-04T02:29:01,codecarbon,9a701a31-803d-48c7-9ea9-5e5b216f465a,80.66413855552673,2.2064030816684752e-05,0.0002735296156605,7.5,8.0,2.969617366790772,0.0001679467742641,0.0001708295740418,6.238784836092236e-05,0.0004011641966669,France,FRA,,,,Windows-10-10.0.19041-SP0,3.8.6,8,Intel(R) Core(TM) i7-8650U CPU @ 1.90GHz,1,1 x GeForce GTX 1050,2.3387,48.8582,7.918979644775391,machine,N
2022-12-04T02:33:35,codecarbon,ea2abaef-ea8a-48ad-8724-d09e1cae6473,83.64595150947571,2.322253357751274e-05,0.0002776289008426,7.5,8.0,2.969617366790772,0.000174238115549,0.0001810438864561,6.694588122225839e-05,0.0004222278832275,France,FRA,,,,Windows-10-10.0.19041-SP0,3.8.6,8,Intel(R) Core(TM) i7-8650U CPU @ 1.90GHz,1,1 x GeForce GTX 1050,2.3387,48.8582,7.918979644775391,machine,N
2022-12-04T02:37:17,codecarbon,f9e02848-6d90-4bfb-ada4-e36e293e7e03,132.41854667663574,3.45145748170891e-05,0.0002606475881461,7.5,8.358,2.969617366790772,0.000275588783125,0.0002533357611841,9.86131796378294e-05,0.000627537723947,France,FRA,,,,Windows-10-10.0.19041-SP0,3.8.6,8,Intel(R) Core(TM) i7-8650U CPU @ 1.90GHz,1,1 x GeForce GTX 1050,2.3387,48.8582,7.918979644775391,machine,N
2022-12-04T02:42:32,codecarbon,7e56eed9-871d-42ce-a52e-2d112c0a0f44,93.86746764183044,2.60411450041372e-05,0.0002774246036284,7.5,8.35,2.969617366790772,0.0001955030798912,0.0002027818356719,7.519044814845245e-05,0.0004734753637115,France,FRA,,,,Windows-10-10.0.19041-SP0,3.8.6,8,Intel(R) Core(TM) i7-8650U CPU @ 1.90GHz,1,1 x GeForce GTX 1050,2.3387,48.8582,7.918979644775391,machine,N
2022-12-04T02:46:21,codecarbon,d1ae88a8-f632-4ced-9b84-5f6b575f8d16,106.64866876602171,2.946154495119245e-05,0.0002762485954309,7.5,8.0,2.969617366790772,0.0002221347828706,0.0002287672768698,8.4762393917554e-05,0.000535664453658,France,FRA,,,,Windows-10-10.0.19041-SP0,3.8.6,8,Intel(R) Core(TM) i7-8650U CPU @ 1.90GHz,1,1 x GeForce GTX 1050,2.3387,48.8582,7.918979644775391,machine,N
2022-12-04T02:49:38,codecarbon,f8a1deac-a5d2-411f-a775-decb97784b04,82.0184178352356,2.2646560866482624e-05,0.00027611555385,7.5,8.0,2.969617366790772,0.0001708466594417,0.0001757416502634,6.516734241260849e-05,0.0004117556521178,France,FRA,,,,Windows-10-10.0.19041-SP0,3.8.6,8,Intel(R) Core(TM) i7-8650U CPU @ 1.90GHz,1,1 x GeForce GTX 1050,2.3387,48.8582,7.918979644775391,machine,N
2022-12-04T03:08:25,codecarbon,a14a1b91-1d12-4429-8f4b-0d63619bc47c,82.91377711296082,2.299516495567326e-05,0.0002773382875121,7.5,8.0,2.969617366790772,0.0001726636305451,0.0001790186717775,6.641160596231572e-05,0.0004180939082849,France,FRA,,,,Windows-10-10.0.19041-SP0,3.8.6,8,Intel(R) Core(TM) i7-8650U CPU @ 1.90GHz,1,1 x GeForce GTX 1050,2.3387,48.8582,7.918979644775391,machine,N
2022-12-04T03:18:06,codecarbon,7472b312-9965-4e2d-8d4d-79ed9a10910f,88.38558793067932,2.444532506365069e-05,0.0002765759173636,7.5,8.0,2.969617366790772,0.000184090873599,0.0001899602741665,7.040930793715633e-05,0.0004444604557027,France,FRA,,,,Windows-10-10.0.19041-SP0,3.8.6,8,Intel(R) Core(TM) i7-8650U CPU @ 1.90GHz,1,1 x GeForce GTX 1050,2.3387,48.8582,7.918979644775391,machine,N
2022-12-04T03:20:58,codecarbon,b804269b-b43c-4c4c-b765-e2e2d390870f,66.56698942184448,1.421345173114625e-05,0.0002135210237776,7.5,8.359,2.969617366790772,0.0001385735422372,6.915868667635653e-05,5.069416619811165e-05,0.0002584263951117,France,FRA,,,,Windows-10-10.0.19041-SP0,3.8.6,8,Intel(R) Core(TM) i7-8650U CPU @ 1.90GHz,1,1 x GeForce GTX 1050,2.3387,48.8582,7.918979644775391,machine,N
2022-12-04T03:26:50,codecarbon,9e8c1883-5bc5-40d1-85e0-236e377f6e8a,77.80946016311646,2.158313019671858e-05,0.0002773843971089,7.5,8.0,2.969617366790772,0.0001620655372738,0.0001680295970704,6.232541468688112e-05,0.0003924205490312,France,FRA,,,,Windows-10-10.0.19041-SP0,3.8.6,8,Intel(R) Core(TM) i7-8650U CPU @ 1.90GHz,1,1 x GeForce GTX 1050,2.3387,48.8582,7.918979644775391,machine,N
2022-12-04T03:50:41,codecarbon,34695999-aea4-41b2-93b0-fcc02f933650,23.00175333023072,6.1737020495124e-06,0.0002684013675339,7.5,8.0,2.969617366790772,4.74992498755455e-05,4.724808851877848e-05,1.7501789778628734e-05,0.0001122491281729,France,FRA,,,,Windows-10-10.0.19041-SP0,3.8.6,8,Intel(R) Core(TM) i7-8650U CPU @ 1.90GHz,1,1 x GeForce GTX 1050,2.3387,48.8582,7.918979644775391,machine,N
2022-12-04T04:10:45,codecarbon,2224c552-8804-4ae2-814b-3f78de4ca9f5,90.18662452697754,2.3039671875748143e-05,0.0002554666171019,7.5,8.0,2.969617366790772,0.000187822134296,0.0001604776668548,7.060332386264493e-05,0.0004189031250136,France,FRA,,,,Windows-10-10.0.19041-SP0,3.8.6,8,Intel(R) Core(TM) i7-8650U CPU @ 1.90GHz,1,1 x GeForce GTX 1050,2.3387,48.8582,7.918979644775391,machine,N
2022-12-04T04:11:34,codecarbon,33e89aea-35ce-456f-bbb3-876aec240bf7,5.359885931015015,1.5256864265934353e-06,0.0002846490478024,7.5,8.23,2.969617366790772,1.1164342860380808e-05,1.218707104060385e-05,4.388339309805076e-06,2.773975321078973e-05,France,FRA,,,,Windows-10-10.0.19041-SP0,3.8.6,8,Intel(R) Core(TM) i7-8650U CPU @ 1.90GHz,1,1 x GeForce GTX 1050,2.3387,48.8582,7.918979644775391,machine,N
2022-12-04T04:11:58,codecarbon,f2ab2d1f-c597-4087-92e8-117430e7246a,2.649969577789306,7.275632630373576e-07,0.000274555326648,7.5,8.343,2.969617366790772,5.510354538758595e-06,5.69875264763832e-06,2.0193157779186778e-06,1.3228422964315593e-05,France,FRA,,,,Windows-10-10.0.19041-SP0,3.8.6,8,Intel(R) Core(TM) i7-8650U CPU @ 1.90GHz,1,1 x GeForce GTX 1050,2.3387,48.8582,7.918979644775391,machine,N
2022-12-04T04:11:58,codecarbon,f88540d0-0950-40c6-b023-cd184df0975d,2.849978446960449,8.120798169510405e-07,0.0002849424415181,7.5,8.305,2.969617366790772,5.935369431972504e-06,6.510135681761636e-06,2.3195824671938683e-06,1.4765087580928007e-05,France,FRA,,,,Windows-10-10.0.19041-SP0,3.8.6,8,Intel(R) Core(TM) i7-8650U CPU @ 1.90GHz,1,1 x GeForce GTX 1050,2.3387,48.8582,7.918979644775391,machine,N
2022-12-04T04:30:07,codecarbon,a2df1fe2-9d1b-4b5f-8623-d475beef7068,90.11693024635316,2.8840133599509942e-05,0.0003200301377407,7.5,8.0,2.969617366790772,0.0002179518491029,0.0002238068257437,8.260739059888011e-05,0.0005243660654456,France,FRA,,,,Windows-10-10.0.19041-SP0,3.8.6,8,Intel(R) Core(TM) i7-8650U CPU @ 1.90GHz,1,1 x GeForce GTX 1050,2.3387,48.8582,7.918979644775391,machine,N
2022-12-04T04:47:48,codecarbon,8df0f1ec-7173-4624-9b47-17ff8df5cf79,51.55203461647034,1.4282158632506533e-05,0.0002770435490812,7.5,8.334,2.969617366790772,0.0001073854838808,0.0001112071078454,4.108301977386873e-05,0.0002596756115001,France,FRA,,,,Windows-10-10.0.19041-SP0,3.8.6,8,Intel(R) Core(TM) i7-8650U CPU @ 1.90GHz,1,1 x GeForce GTX 1050,2.3387,48.8582,7.918979644775391,machine,N
2022-12-04T04:50:55,codecarbon,1718cf48-3b2d-49ef-affd-7ef849b83e5e,53.19218873977661,1.4656639686203178e-05,0.0002755412032,7.5,8.0,2.969617366790772,0.0001107983176906,0.0001135767274432,4.210931279700532e-05,0.0002664843579309,France,FRA,,,,Windows-10-10.0.19041-SP0,3.8.6,8,Intel(R) Core(TM) i7-8650U CPU @ 1.90GHz,1,1 x GeForce GTX 1050,2.3387,48.8582,7.918979644775391,machine,N
2022-12-04T04:51:43,codecarbon,8d5ca8d0-a66b-4840-a0c4-50e9bff910be,2.000982522964477,5.434493708154544e-07,0.0002715912630812,7.5,8.325,2.969617366790772,4.166619479656219e-06,4.217940732836723e-06,1.4963374386971395e-06,9.88089765119008e-06,France,FRA,,,,Windows-10-10.0.19041-SP0,3.8.6,8,Intel(R) Core(TM) i7-8650U CPU @ 1.90GHz,1,1 x GeForce GTX 1050,2.3387,48.8582,7.918979644775391,machine,N
2022-12-04T04:54:35,codecarbon,523e4c79-b273-4b64-92c0-8a295ee3c17f,61.21942114830017,1.6810447391263234e-05,0.0002745933737357,7.5,8.0,2.969617366790772,0.0001275071193774,0.0001303633631037,4.777401554177971e-05,0.0003056444980229,France,FRA,,,,Windows-10-10.0.19041-SP0,3.8.6,8,Intel(R) Core(TM) i7-8650U CPU @ 1.90GHz,1,1 x GeForce GTX 1050,2.3387,48.8582,7.918979644775391,machine,N
2022-12-04T04:57:45,codecarbon,5b45a317-3ed3-4659-8286-b6fcbb19146f,83.47763562202454,2.304503045455262e-05,0.000276062328345,7.5,8.0,2.969617366790772,0.0001738763312498,0.0001788226085238,6.630161394536715e-05,0.0004190005537191,France,FRA,,,,Windows-10-10.0.19041-SP0,3.8.6,8,Intel(R) Core(TM) i7-8650U CPU @ 1.90GHz,1,1 x GeForce GTX 1050,2.3387,48.8582,7.918979644775391,machine,N
2022-12-04T05:01:10,codecarbon,bdf7e7dd-6e99-4cc8-97da-abdce8ff8a09,47.11485528945923,1.299301452473243e-05,0.00027577320242,7.5,8.348,2.969617366790772,9.8141352335612e-05,0.0001009257313058,3.716954408098474e-05,0.0002362366277224,France,FRA,,,,Windows-10-10.0.19041-SP0,3.8.6,8,Intel(R) Core(TM) i7-8650U CPU @ 1.90GHz,1,1 x GeForce GTX 1050,2.3387,48.8582,7.918979644775391,machine,N
2022-12-04T05:05:44,codecarbon,37ebe2f0-7b39-448a-aa99-0b8af3baed3c,77.28169965744019,2.143278902978649e-05,0.0002773333030302,7.5,8.319000000000003,2.969617366790772,0.0001609661097327,0.0001673415661003,6.137939743567302e-05,0.0003896870732688,France,FRA,,,,Windows-10-10.0.19041-SP0,3.8.6,8,Intel(R) Core(TM) i7-8650U CPU @ 1.90GHz,1,1 x GeForce GTX 1050,2.3387,48.8582,7.918979644775391,machine,N
2022-12-04T05:11:05,codecarbon,0ec9ce70-13a4-4cc7-9430-0a8c553997ae,65.20688152313232,1.803402337756236e-05,0.0002765662604362,7.5,8.0,2.969617366790772,0.0001358080898722,0.0001401183006498,5.1964943615441257e-05,0.0003278913341374,France,FRA,,,,Windows-10-10.0.19041-SP0,3.8.6,8,Intel(R) Core(TM) i7-8650U CPU @ 1.90GHz,1,1 x GeForce GTX 1050,2.3387,48.8582,7.918979644775391,machine,N
2022-12-04T10:18:29,codecarbon,61030d7c-bd0c-4534-83c7-83059dfa521f,85.6914734840393,2.3864000604609933e-05,0.0002784874577872,7.5,8.0,2.969617366790772,0.0001784863923986,0.0001877186423997,6.768588528543319e-05,0.0004338909200838,France,FRA,,,,Windows-10-10.0.19041-SP0,3.8.6,8,Intel(R) Core(TM) i7-8650U CPU @ 1.90GHz,1,1 x GeForce GTX 1050,2.3387,48.8582,7.918979644775391,machine,N
2022-12-04T10:21:07,codecarbon,9e3c7f11-de0f-4bf8-8835-161ebea63796,66.75019145011902,1.855939043567829e-05,0.0002780425049349,7.5,8.332,2.969617366790772,0.0001390337228775,0.0001448188718941,5.3590867695228047e-05,0.0003374434624668,France,FRA,,,,Windows-10-10.0.19041-SP0,3.8.6,8,Intel(R) Core(TM) i7-8650U CPU @ 1.90GHz,1,1 x GeForce GTX 1050,2.3387,48.8582,7.918979644775391,machine,N
2022-12-04T11:24:15,codecarbon,50c58cb8-ab3b-4dbd-be50-ec010e4c1a3e,125.76052975654602,3.476132191714322e-05,0.0002764088381659,7.5,8.0,2.969617366790772,0.0002618930285175,0.0002716479616587,9.84830446808161e-05,0.0006320240348571,France,FRA,,,,Windows-10-10.0.19041-SP0,3.8.6,8,Intel(R) Core(TM) i7-8650U CPU @ 1.90GHz,1,1 x GeForce GTX 1050,2.3387,48.8582,7.918979644775391,machine,N
2022-12-04T11:39:46,codecarbon,845abe66-c82a-4c54-8b86-c4b1b1aa78e1,51.26447129249573,1.4192713168169651e-05,0.0002768528146363,7.5,8.346000000000002,2.969617366790772,0.0001067780748009,0.0001104915286058,4.077972692350415e-05,0.0002580493303303,France,FRA,,,,Windows-10-10.0.19041-SP0,3.8.6,8,Intel(R) Core(TM) i7-8650U CPU @ 1.90GHz,1,1 x GeForce GTX 1050,2.3387,48.8582,7.918979644775391,machine,N
2022-12-04T11:44:38,codecarbon,79d722f3-fd8e-40d5-9473-2de6be26b3f2,57.69037437438965,1.5996491310935482e-05,0.0002772818080036,7.5,8.34,2.969617366790772,0.0001201653589804,0.0001246379904852,4.604194709666928e-05,0.0002908452965624,France,FRA,,,,Windows-10-10.0.19041-SP0,3.8.6,8,Intel(R) Core(TM) i7-8650U CPU @ 1.90GHz,1,1 x GeForce GTX 1050,2.3387,48.8582,7.918979644775391,machine,N
2022-12-04T11:53:53,codecarbon,b47f8629-0814-4787-b48f-3f077ddcec77,78.5760850906372,2.422952801379862e-05,0.00030835753634,7.5,8.0,2.969617366790772,0.0001636564200123,0.0002020105224185,7.48699305472897e-05,0.0004405368729781,France,FRA,,,,Windows-10-10.0.19041-SP0,3.8.6,8,Intel(R) Core(TM) i7-8650U CPU @ 1.90GHz,1,1 x GeForce GTX 1050,2.3387,48.8582,7.918979644775391,machine,N
2022-12-04T11:56:44,codecarbon,6ff5d53b-9a5f-420f-a1da-2dca106b1066,44.66638731956482,1.2327641681649652e-05,0.0002759937040229,7.5,8.342,2.969617366790772,9.303414324919384e-05,9.58418166205618e-05,3.526297979660171e-05,0.0002241389396663,France,FRA,,,,Windows-10-10.0.19041-SP0,3.8.6,8,Intel(R) Core(TM) i7-8650U CPU @ 1.90GHz,1,1 x GeForce GTX 1050,2.3387,48.8582,7.918979644775391,machine,N
2022-12-04T11:59:53,codecarbon,3ce94316-40b7-4874-a213-e6f14a6744b4,46.76432013511658,1.7010704941009966e-05,0.0003637539237577,7.5,8.0,2.969617366790772,0.0001279866019884,0.0001323695309956,4.892941139783801e-05,0.0003092855443819,France,FRA,,,,Windows-10-10.0.19041-SP0,3.8.6,8,Intel(R) Core(TM) i7-8650U CPU @ 1.90GHz,1,1 x GeForce GTX 1050,2.3387,48.8582,7.918979644775391,machine,N
2022-12-04T12:02:02,codecarbon,c05593a0-4408-47eb-b3be-bcaa5939930f,3.0885579586029053,8.614035002858229e-07,0.0002789015170935,7.5,8.359,2.969617366790772,6.432403624057769e-06,6.816203330357869e-06,2.413274868962958e-06,1.5661881823378598e-05,France,FRA,,,,Windows-10-10.0.19041-SP0,3.8.6,8,Intel(R) Core(TM) i7-8650U CPU @ 1.90GHz,1,1 x GeForce GTX 1050,2.3387,48.8582,7.918979644775391,machine,N
2022-12-04T12:08:34,codecarbon,19632646-c456-4d5c-8774-2c27ea526e63,95.12572264671326,2.6364317874463107e-05,0.0002771523531272,7.5,8.0,2.969617366790772,0.0001981473356485,0.0002051170863045,7.60868121280521e-05,0.0004793512340811,France,FRA,,,,Windows-10-10.0.19041-SP0,3.8.6,8,Intel(R) Core(TM) i7-8650U CPU @ 1.90GHz,1,1 x GeForce GTX 1050,2.3387,48.8582,7.918979644775391,machine,N
2022-12-04T12:11:02,codecarbon,8e57d5ac-f579-40aa-b0e0-1ef6c3fc5c0c,52.81848168373108,1.262564624615435e-05,0.0002390384169267,7.5,8.359,2.969617366790772,0.0001100239381194,7.894646796974873e-05,4.0586798386373466e-05,0.0002295572044755,France,FRA,,,,Windows-10-10.0.19041-SP0,3.8.6,8,Intel(R) Core(TM) i7-8650U CPU @ 1.90GHz,1,1 x GeForce GTX 1050,2.3387,48.8582,7.918979644775391,machine,N
2022-12-04T12:49:13,codecarbon,8fb4ae27-a57c-4cd3-b5d3-9c01e86222c2,95.22088193893433,2.4394114675574294e-05,0.00025618450678936553,7.5,8.329,2.969617366790772,0.00019832266221443811,0.0001708993357369635,7.430735978631275e-05,0.0004435293577377144,France,FRA,,,,Windows-10-10.0.19041-SP0,3.8.6,8,Intel(R) Core(TM) i7-8650U CPU @ 1.90GHz,1,1 x GeForce GTX 1050,2.3387,48.8582,7.918979644775391,machine,N
